id,category,text,source,written_by,status
adm-001,admissions,"Applicants to the BS Computer Science program at NUML must hold an Intermediate qualification with at least 50 percent marks in one of the following subject combinations: Maths, Physics and Chemistry; Maths, Stats and Computer; Maths, Physics and Computer; Maths, Stats and Physics; Maths, Stats and Economics; or Physics, Chemistry and Biology. A Diploma in Associate Engineering with a minimum 60 percent aggregate in a relevant discipline is also accepted. Candidates admitted without Mathematics at the intermediate level must clear a 6-credit-hour Mathematics deficiency course within their first year. All applicants are required to appear in the NUML entry test, which assesses English, Mathematics, and analytical reasoning; a valid NTS GAT-General or GRE International score can exempt a candidate from the general portion, though the written/subjective section may still apply depending on the faculty. Final selection combines previous academic results, the entry test score, and an interview.","Admissions Office, confirmed in person",Minahil,verified
adm-002,admissions,"To apply at NUML Islamabad, a candidate registers on the official online admission system, hosted separately at onlineadmission.numl.edu.pk, by selecting campus and admission type, then entering basic details. An Application ID and password are emailed to the applicant. Using these credentials, the applicant logs back in and completes every section of the form - Basic Information, Residence, Academics, Guardians, and Additional Information - then uploads scanned copies of required documents such as academic certificates and CNIC, and finally accepts the undertaking checkbox before submitting. Incomplete or late applications are not entertained under any circumstances, so applicants should review every section carefully before the deadline rather than submitting hastily and hoping to correct mistakes afterward, since the system does not allow changes once submitted.",numl.edu.pk/admission,Minahil,verified
adm-003,admissions,"NUML holds two main admission intakes each year, Fall and Spring, across its Islamabad campus and all regional campuses. Functional language courses, such as short certificates and diplomas offered through the Faculty of Languages, run separately from these two main intakes and usually start around June each year. Exact opening and closing dates for each intake shift slightly from year to year and are published on the official admission calendar before every cycle, rather than following a fixed calendar date. Because of this, applicants should not plan around a previous year's schedule; the safest approach is to check the current admission calendar on the NUML website, or contact the Admissions Office directly, once a new academic year approaches.",numl.edu.pk/admission/home,Minahil,verified
adm-004,admissions,"Undergraduate admission at NUML depends on previous academic results, an entry test, and an interview considered together rather than any single factor alone. NUML's own entry test covers English, Mathematics, and analytical reasoning, and is administered separately for each faculty according to its own schedule. A valid NTS GAT-General score may exempt a candidate from retaking NUML's General test, but the written or subjective portion may still be required depending on the specific faculty a candidate is applying to. Because the final merit position is calculated from a combination of all three components, a strong score on just one part, such as the academic record, does not guarantee admission on its own; candidates should prepare adequately for the test and interview stages as well.",numl.edu.pk/admission/eligibility,Minahil,verified
adm-005,admissions,"A candidate can apply to up to three undergraduate programs within the same faculty using one application ID and one processing fee, with test and interview marks considered across all three program choices. Applying to a program in a different faculty requires registering a separate application ID and paying an additional processing fee for that faculty. This distinction matters for candidates shortlisting programs across, for example, both the Faculty of Engineering and Computer Sciences and the Faculty of Management Studies, since combining choices from different faculties under a single application is not possible and doing so would require submitting two separate applications with two separate processing fee payments before the deadline.",numl.edu.pk/admission/faqs,Minahil,verified
adm-006,admissions,"A candidate awaiting their Intermediate (HSSC) result can still apply and appear in the entry test and interview as a provisional candidate, meaning they are not required to hold a finalized transcript at the time of applying. The final result must be submitted within 7 days of the start of classes, or the provisional admission is cancelled outright with no further extension granted. This provisional route does not apply to every program at NUML; graduate and professional programs such as MS, MPhil, PhD, MBA, BS Bridging, ADCP, and Functional Course programs require a final, signed degree or transcript at the time of application, so provisional applicants should confirm which category their intended program falls under before relying on this option.",numl.edu.pk/admission_navigation,Minahil,verified
adm-007,admissions,"Provisional admission based on an awaited or web result is not accepted for MS, MPhil, PhD, MBA, BS Bridging, ADCP, or Functional Course programs at NUML. A final, signed degree or transcript is required at the time of application for these programs, unlike standard undergraduate BS admission, where a provisional candidate awaiting their Intermediate result can still apply and is only required to submit the final result within 7 days of classes starting. Applicants to these excluded programs who do not yet have their final degree or transcript in hand should wait until it is issued before beginning the online application, since submitting an incomplete or provisional record for these specific categories will not be processed by the Admissions Office.",numl.edu.pk/admission_navigation,Minahil,verified
adm-008,admissions,"NUML reserves quota-based admission seats for categories including students from Balochistan, differently-abled students, wards of Shuhada, wards of army personnel (processed through the W&R directorate only), and sports-based candidates who hold provincial, national, or international certificates. These quota seats are separate from the general merit list, meaning a candidate who does not qualify on open merit may still secure a seat under an applicable quota category. Eligible applicants should indicate the relevant quota category clearly on their application and confirm the required supporting documents with the Admissions Office well before the deadline, since each quota category carries its own specific documentation requirements and, in the case of the sports quota, selected candidates receive a full fee waiver and free hostel accommodation as part of the award.",numl.edu.pk/admission/faqs,Minahil,verified
adm-009,admissions,"Eligibility for most BS programs at NUML requires FSc, ICS, I.Com, or FA with a minimum of 45 percent marks, or an A-Level qualification with a minimum of 50 percent marks. Some programs prefer candidates who studied Statistics, Mathematics, Physics, Economics, Computer Science, or Commerce at the intermediate level, though this preference does not always translate into a strict subject requirement across every degree. Because exact requirements vary by program, and specific degrees such as BS Computer Science carry their own stricter subject-combination criteria, applicants should confirm the eligibility page for the specific program they intend to apply for rather than assuming the general 45 or 50 percent threshold applies uniformly across all undergraduate offerings at the university.",numl.edu.pk/admission/eligibility,Minahil,verified
adm-010,admissions,"Students admitted to BS Computer Science or Engineering-related programs without a Mathematics background at the intermediate level are required to complete a Mathematics deficiency course of 6 credit hours within their first two semesters of enrollment. This requirement applies specifically to programs under the Faculty of Engineering and Computer Sciences, and the deficiency course must be cleared before a student is allowed to proceed further in their degree without it affecting their academic standing. This deficiency-course route is what allows Pre-Medical background students, who would not otherwise meet the Mathematics-based subject-combination requirement, to still be admitted into BS Computer Science, provided they complete this additional coursework alongside their regular first-year subjects.",numl.edu.pk/admission/faqs,Minahil,verified
adm-011,admissions,"Applicants for MS, MPhil, or PhD programs who are shortlisted to appear in NUML's own devised GAT test are required to deposit Rs. 1,200 as the GAT fee before sitting the test. This fee is separate from the regular admission processing fee paid at the time of the initial online application, and the GAT test result itself factors into the overall merit calculation used to shortlist candidates for the subsequent interview stage. Candidates who already hold a qualifying HEC ETC, NTS, or GRE score are still required to appear in NUML's own Subjective Test worth 25 marks, according to the schedule announced by their faculty, so holding an external test score does not remove the need to budget for and sit this university-administered component.","NUML Admission Policy document, numl.edu.pk/downloads",Minahil,verified
adm-012,admissions,"Foreign nationals applying to NUML must complete the standard online application form like any other applicant, but must separately download and fill the ""International Applicants"" admission form, available under the Downloads section of the NUML website, attaching a recent passport-sized photograph, a copy of their passport, and educational documents translated into English. Because requirements for international applicants can differ from those for local candidates, and can also vary depending on the applicant's country of origin and the specific program applied for, it is advisable for foreign national applicants to also reach out to the Admissions Office directly to confirm the complete document checklist before submitting, rather than relying solely on the general international applicant form instructions.",numl.edu.pk/lahore/campus/faqs,Minahil,verified
adm-013,admissions,"All degree programs offered at NUML are recognized by the Higher Education Commission (HEC) of Pakistan through its respective councils, though eligibility criteria for specific programs may still vary depending on the discipline and level of study. For example, NUML's BS Computer Science and BS Software Engineering programs are additionally accredited by the National Computing Education Accreditation Council, while BE Electrical Engineering is separately accredited by the Pakistan Engineering Council starting from its very first batch of students. This layered accreditation means a NUML degree carries both the general HEC recognition applicable to all Pakistani universities and, for specific technical programs, an additional discipline-specific accreditation that can matter for professional registration after graduation.",numl.edu.pk/admission/faqs,Minahil,verified
adm-014,admissions,"NUML advises applicants to confirm their eligibility carefully before processing their admission form online, rather than assuming any inaccuracy will go unnoticed. Admission can be cancelled at any stage, without any refund except the security fee, if a candidate is later found ineligible as per the original advertisement, or if any submitted degree or certificate is found to be fake or unrecognized. This cancellation policy applies regardless of how far a student has progressed in their studies, meaning even a student who has completed several semesters can have their admission voided retroactively if a submitted credential is later discovered to be fraudulent, so honesty and accuracy at the application stage protects a student from this outcome later on.",numl.edu.pk/admission_navigation,Minahil,verified
adm-015,admissions,"For undergraduate programs at NUML, admission is awarded based on a combination of the entry test score, previous academic qualification, and interview marks, rather than any single factor alone. Candidates generally need at least 50 percent in the entry test to be considered, though competitive high-demand programs, such as BS Computer Science, may require a noticeably higher combined score to make the final merit list, since NUML typically publishes more than one merit list per cycle and seats in popular programs fill quickly on the earlier lists. Because all three components count toward the final position, a candidate should not treat any single part of the process as optional, even if their academic record is already strong.",numl.edu.pk/downloads (Admission Procedure PDF),Minahil,verified
adm-016,admissions,"Applicants who already hold a valid GRE International score or an NTS GAT-General score may be exempted from taking NUML's own General Ability Test, but they are still required to pass the written or subjective portion of NUML's GAT-General, scheduled separately by their respective faculty. This partial exemption applies at both the undergraduate and graduate levels, though the specific subjective component differs by degree level: MS, MPhil, and PhD applicants sit a Subjective Test worth 25 marks even after presenting a qualifying external score. Applicants relying on an external score to skip part of NUML's testing process should still confirm with their faculty which specific component remains mandatory for their program, since assuming a full exemption based on an external score alone can result in missing a required test date.",numl.edu.pk/downloads/Eligiblity%20Criteria.pdf,Minahil,verified
adm-017,admissions,"A candidate holding a two-year BA or BSc degree can be admitted directly into the third year, or fifth semester, of a four-year BS program at NUML, after successfully completing 15 to 18 credit hours of bridging courses prescribed by HEC and the university. This bridging arrangement exists specifically to fill the curricular gap between a two-year degree structure and NUML's standard four-year, eight-semester BS framework, which otherwise requires between 130 and 140 total credit hours to complete. Candidates considering this route should confirm the exact bridging courses required for their specific intended program with the relevant department, since the list of prescribed courses can differ depending on the discipline the candidate is transitioning into.",numl.edu.pk/downloads (eligibility documents),Minahil,verified
adm-018,admissions,"NUML's centralized online admission system, used for the main Islamabad campus as well as all regional campuses, is hosted separately from the main NUML website at onlineadmission.numl.edu.pk. Applicants register here by selecting their campus and admission type before completing the rest of the application form, including Basic Information, Residence, Academics, Guardians, and Additional Information sections. Because this portal is hosted on a different domain from the main university website, applicants are advised to bookmark this address directly rather than searching for it each time or navigating through the main site's links, which reduces the risk of missing a deadline while trying to relocate the correct application page during a busy admission window.",numl.edu.pk/admission,Minahil,verified
adm-019,admissions,"Shortlisted candidates called for interview at NUML must bring original documents, including CNIC, academic certificates, degrees, and their GAT result where applicable, for verification at the time of the interview. Provisional applicants and those applying to multiple programs are given separate interview slots, and admission is only awarded based on a combination of entry test score, academic qualification, and these interview marks, so the interview stage carries real weight in the final selection rather than being a formality. Candidates applying to BS or BBA (Hons) programs specifically are additionally required to bring IBCC-verified educational documents to the interview, on top of the standard identification and academic paperwork everyone else brings, so it is worth arranging this verification well in advance of the scheduled interview date.","NUML interview admit card format, cross-checked with admission policy",Minahil,verified
adm-020,admissions,"The window for submitting admission applications at NUML for a given intake is typically open for approximately one month, though exact opening and closing dates are announced separately for each session rather than following a fixed calendar. NUML runs two main intakes each year, Fall and Spring, plus separate functional language courses that usually start around June, so applicants should check the admission calendar on the official website for the specific dates relevant to their intended intake and program. Admissions for a given intake are also commonly conducted in phases, a Phase-I and a Phase-II, each with its own separate deadline, entry test date, and merit list, so a candidate who misses the Phase-I window may still have an opportunity to apply if a Phase-II window is subsequently announced for that session.",numl.edu.pk/downloads (Admission Procedure PDF),Minahil,verified
adm-021,admissions,"Candidates generally need to score at least 50 percent in NUML's entry test to be considered for selection, though competitive high-demand programs may require a noticeably higher score to actually make it onto the final merit list. Final admission is decided based on a combination of this entry test score together with previous academic qualification and interview marks, rather than the entry test score alone, and NUML typically publishes a first, second, and sometimes a third merit list per admission cycle. Candidates who fall just short of the cutoff on an earlier list should therefore continue checking the official NUML website rather than assuming their chance has passed, since later lists are issued as seats become available from candidates who do not confirm their admission.",numl.edu.pk/admission/papers,Minahil,verified
adm-022,admissions,"NUML does not release just one merit list per admission cycle. Typically a first, second, and sometimes a third merit list are published in sequence for both undergraduate and graduate programs, with candidates who miss an earlier list sometimes appearing on a later one as seats become available when higher-ranked candidates do not confirm their admission by completing document verification and fee payment. Candidates should keep checking the official NUML website rather than assuming the first list is final, and should also be aware that being included on any merit list is not itself the end of the process, since a fee voucher issued after document verification is what actually finalizes a seat.","numl.edu.pk, cross-checked with published merit list schedules",Minahil,verified
adm-023,admissions,"NUML reserves a 5 percent admission quota for children of Overseas Pakistanis. Candidates applying under this quota must still meet the minimum eligibility criteria for their program and go through the same test and interview schedule as regular applicants, with no fee concessions granted under this quota, unlike the separate sports quota, which does include a full fee waiver and free hostel accommodation for selected candidates. Applicants who qualify for the Overseas Pakistani quota should indicate this on their application and be prepared to submit documentation proving the relevant parent's Overseas Pakistani status, since this quota operates as a reserved allocation within the overall seat count rather than an addition on top of the regular intake.",numl.edu.pk/admission,Minahil,verified
adm-024,admissions,"NUML offers limited undergraduate seats under a quota for candidates with provincial, national, or international certificates in categories such as sports, debate, Qirat, Naat, poetry, calligraphy, singing, dramatics, and painting. Applicants under this quota submit an additional processing fee of Rs. 1,000, separate from the standard admission processing fee paid with the regular application. Candidates selected specifically under the sports quota are awarded a scholarship covering a 100 percent fee waiver along with free hostel accommodation for the duration of their studies, making this quota notably more generous than the other certificate-based categories under the same provision, which do not carry this same scholarship benefit by default.",numl.edu.pk/admission,Minahil,verified
adm-025,admissions,"For admission into MBA, MS, MPhil, or PhD programs, which NUML classifies as Level 7 and Level 8 respectively, applicants who already hold a qualifying HEC ETC, NTS, or GRE score are still required to appear in NUML's own Subjective Test, worth 25 marks, according to the schedule announced by their faculty. This requirement means an external test score can exempt a candidate from part of NUML's General Ability Test process, as it does at the undergraduate level with NTS GAT-General or GRE International scores, but it does not remove the need to sit a university-specific written component that faculties use to further assess subject-specific readiness before finalizing the graduate admission merit list.",numl.edu.pk/admission,Minahil,verified
adm-026,admissions,"Candidates applying to BS or BBA (Hons) programs at NUML are required to bring IBCC-verified educational documents at the interview stage, in addition to the standard identification and academic documents such as CNIC, academic certificates, and degrees required of all shortlisted candidates. Missing or unverified documents at this stage can affect a candidate's standing on the final merit list, since the interview and document verification together feed into whether an admission offer is finalized. Because IBCC verification can take time to process depending on demand, candidates applying to these specific programs are advised to begin this verification well ahead of their scheduled interview date rather than waiting until shortly before, to avoid being unprepared when called in.",Cross-checked from admission-process guidance referencing NUML procedures,Minahil,verified
adm-027,admissions,"NUML issues the official course fee voucher to a selected candidate only after their submitted documents and eligibility have been verified following the interview stage. A candidate should not assume their seat is confirmed simply by appearing on a merit list; the fee voucher and its payment by the stated deadline are what finalize the admission, meaning a candidate who appears on a merit list but fails to complete verification and payment in time can lose their seat to another candidate from a subsequent list. This distinction matters particularly for candidates who applied to multiple programs, since a fee voucher may be issued for only one of their applications depending on which program's merit process they cleared first.",Cross-checked from admission-process guidance referencing NUML procedures,Minahil,verified
adm-028,admissions,"NUML admissions for a given intake are commonly conducted in phases, a Phase-I and a Phase-II, each with its own separate application deadline, entry test date, and merit list. A candidate who misses the Phase-I window can still apply during the Phase-II window if one is announced for that particular session, though Phase-II is not guaranteed to run for every intake or every program, since it typically depends on how many seats remain unfilled after Phase-I concludes. Candidates relying on the possibility of a Phase-II window should not delay their Phase-I application on that assumption, since checking the official admission calendar for confirmation that a second phase has actually been announced is the only reliable way to know whether this option is available for a given cycle.",numl.edu.pk/admission,Minahil,verified
adm-029,admissions,"Some programs at NUML are offered in more than one shift, such as morning and evening sections, particularly at the undergraduate level in computing degrees like BS Computer Science and BS Software Engineering. Candidates should confirm which shift they have been placed in through their admission portal, since this can affect their class timing, though students in either shift complete the identical degree curriculum, earn the same total credit hours, and receive a final degree certificate that does not distinguish between morning or evening shift enrollment. Because hostel seat priority is generally given to morning-shift students due to capacity limits, a candidate placed in the evening shift who also needs on-campus accommodation should factor this into their planning when applying for a hostel seat.",Cross-checked from NUML fee challan format showing shift-specific program names,Minahil,verified
adm-030,admissions,"Being included on a NUML merit list is not the final step of admission. After selection, a candidate still needs to complete document and eligibility verification, obtain the official fee voucher, pay it before the deadline, and keep checking the admission portal for further enrollment and class-related information such as shift assignment and orientation schedules. Candidates should treat this as an ongoing process rather than something that ends once their name appears on the list, since NUML explicitly warns that admission can still be cancelled at any stage, without refund except the security fee, if a candidate is later found ineligible or a submitted credential proves to be fake, even after a seat has appeared to be secured on a merit list.",Cross-checked from admission-process guidance referencing NUML procedures,Minahil,verified
fee-031,fees,"When a student is admitted at NUML Islamabad, three one-time charges apply: an admission fee, a registration fee, and a refundable security fee. These are separate from the Rs. 2,000 non-refundable admission processing fee already paid at the application stage, and from the recurring tuition and semester charges that start once classes begin. The admission fee and registration fee are paid only once, at the time of joining, and are not repeated in later semesters. The security fee works differently: it is held against the student for the duration of their studies and returned once they complete their degree or formally withdraw, provided no outstanding dues or property damages are recorded against their name. If an admission is later cancelled because a candidate is found ineligible, or because a submitted degree or certificate proves to be fake or unrecognized, NUML withholds every other one-time payment already made and refunds only the security fee. Exact amounts for the admission fee, registration fee, and security fee depend on the program and academic level, and are published in the current semester's official fee structure document on the NUML website.",numl.edu.pk/admission/fee,Minahil,verified
fee-032,fees,"Beyond the one-time joining charges, NUML students pay a set of recurring charges every semester for as long as they remain enrolled. These typically include the tuition fee, an examination fee charged around the mid and final exam periods, maintenance charges covering campus upkeep and utilities, and a library subscription fee, along with smaller heads such as a magazine fund and student activity charges. Unlike the one-time admission and registration fees, these recurring charges are billed fresh each semester through a new fee challan, so a student cannot assume last semester's amount will carry over unchanged. The exact combination and amount of these heads varies by program and faculty, and by academic level, since graduate and professional programs are typically billed at a different rate than undergraduate ones. Students should refer to the semester-wise fee structure document published on the NUML website, or the challan generated for their own registration number, rather than relying on what a classmate in a different program was charged.",numl.edu.pk/admission/fee,Minahil,verified
fee-033,fees,"NUML fees are paid against a fee challan, which a student can either collect in person or download from the NUML LMS or admission portal once it has been generated for the relevant semester. The challan lists the exact amount due, the heads it covers such as tuition, examination, and maintenance charges, and a specific due date. Payment can be made at an NUML campus fee counter or at any bank branch supported by the payment system named on the challan, typically a designated bank with branches across the country so that students outside Islamabad are not required to travel to campus just to pay. After payment, students should keep the paid receipt or online confirmation, since this proof may be required later if a payment does not immediately reflect in the student's account on the LMS or admission portal. Paying through an unsupported bank or under a mismatched registration number can delay confirmation even if the money has left the student's account.",numl.edu.pk/main/lms,Minahil,verified
fee-034,fees,"NUML's fee refund policy follows a fixed timeline tied to the start of the semester: a full refund if the withdrawal is claimed in writing within the first week, fifty percent within the second week, and no refund at all after the fifteenth day of the semester's commencement. This timeline applies uniformly across undergraduate and graduate programs. A separate provision covers provisional students admitted on an awaited or web result: if their final result, once declared, fails to meet the eligibility percentage required for their program, they are entitled to a full refund, but only if they submit their written refund claim within seven days of the result being officially announced by the concerned board or university. Refund requests submitted after these windows, or made verbally rather than in writing, are not honored under the policy. Importantly, this refund policy governs tuition and semester charges; if an admission is separately cancelled for ineligibility or fake credentials, only the security fee is returned regardless of timing.",numl.edu.pk/admission_navigation,Minahil,verified
fee-035,fees,"Every fee challan issued by NUML carries a specific due date printed on it, and payments made after that date can attract an additional late fee charged on top of the original amount owed. Because due dates are set per challan rather than following one fixed academic-calendar rule, two students in different programs, or even different sections of the same program, may see different deadlines depending on when their challan was generated. Students should check the exact date printed on their own individual challan rather than assuming a standard grace period applies across the university, since relying on a friend's deadline or a previous semester's date can result in an avoidable late fee. If a challan is regenerated after being reissued for any reason, the due date on the new copy is the one that applies, not the date on any earlier version a student may have already downloaded.",NUML fee challan format (cross-checked pattern),Minahil,verified
fee-036,fees,"Tuition and other fee heads at NUML are revised and republished at the start of every semester rather than staying fixed year to year, which means the only reliable source for a currently accurate fee figure is the official fee structure document published on the NUML website for that specific semester, or the amount shown on a student's own freshly generated challan. Older printed fee structures, screenshots shared in student groups, or figures quoted by seniors from a previous semester should not be relied upon, since they may no longer reflect the current charges even for the same program and academic level. When in doubt about what a specific charge should be, a student is better off generating a fresh challan through the LMS or admission portal, or contacting the Finance Branch directly, rather than trusting an unofficial or outdated source.",numl.edu.pk/admission/fee,Minahil,verified
fee-037,fees,"NUML's publicly listed fee structure applies specifically to local Pakistani students studying under the regular fee schedule. Students who are Overseas Pakistanis, Pakistanis holding foreign nationality, or international students from outside Pakistan are charged under a separate fee schedule that is not published in the same general fee structure document available on the website. These students need to obtain their applicable rates directly from the University Admission Office rather than assuming the standard local rate applies to their case, since the two schedules can differ substantially in both the amount charged and the currency or payment method accepted. This distinction applies from the very first admission-related charge onward, so foreign national and overseas applicants are advised to confirm their fee category with the Admission Office before submitting any payment, to avoid underpaying against what is actually due for their category.",numl.edu.pk (Fee Structure page),Minahil,verified
fee-038,fees,"A student who wants to freeze a semester at NUML cannot simply stop attending classes; they must formally apply for approval through the Academics Branch, explaining the reason for the freeze request. Approval is not automatic and depends on the branch's review of the student's specific circumstances and academic standing at the time of the request. Because how a frozen semester affects fees already paid, or fees that would otherwise fall due during the frozen period, can vary depending on the timing of the request relative to the semester's start and the specific charges already billed, a student should not assume that freezing automatically waives or defers these fees. Instead, they should confirm the exact financial impact directly with the Finance Branch at the time of applying, since assumptions made without this confirmation have led students to be surprised by dues they believed were paused.","numl.edu.pk (Student Services listing, Academics Branch)",Minahil,verified
fee-039,fees,"Administrative requests such as a bonafide certificate, a character certificate, or a migration or no-objection certificate document are submitted through prescribed proformas to the Academics Branch rather than the Finance Branch, since these fall under academic record-keeping rather than fee collection. Some of these requests may carry a nominal processing charge separate from the regular semester fee, though this is not standardized across every type of document, so a student should confirm at the time of submission whether their specific request requires a payment and, if so, how that payment should be made. Turnaround time for these documents can also vary depending on the type requested and current processing load in the Academics Branch, so students needing a certificate for a time-sensitive external purpose, such as a visa or scholarship application, should apply well in advance rather than close to their deadline.",numl.edu.pk (Downloads: Proforma listings),Minahil,verified
fee-040,fees,"For any fee discrepancy, challan issue, or payment confirmation problem that is not resolved automatically through the LMS or admission portal, students at NUML Islamabad should contact the Finance Branch directly rather than the Admissions Office, since fee collection and admission processing are handled by separate branches with different responsibilities. Common issues handled by the Finance Branch include a payment that has left a student's bank account but does not yet reflect on the portal, a challan showing an incorrect amount for the student's program or academic level, or confusion between a regular semester challan and a separate processing or security fee. Students raising such an issue should be ready to provide their registration number, the challan number in question, and proof of payment such as a bank receipt or online transaction confirmation, since these details allow the Finance Branch to trace the payment faster than a general description of the problem alone.",numl.edu.pk (Offices directory),Minahil,verified
prog-041,programs,"The National University of Modern Languages offers undergraduate degree programs across its specialized faculties, including the Faculty of Engineering and Computer Sciences, the Faculty of Languages, the Faculty of Management Sciences, the Faculty of Social Sciences, and the Faculty of Arts and Humanities. Undergraduate degrees follow a standard four-year, eight-semester academic structure governed by Higher Education Commission guidelines, generally requiring between 130 and 140 total credit hours to complete. Available degree disciplines cover major academic pathways such as Computer Science, Software Engineering, Artificial Intelligence, Business Administration, Mass Communication, International Relations, and specialized regional and foreign language degrees. Courses are structured to balance core domain theory, breadth electives, practical laboratory work, and a final-year research or capstone project, and admissions for these programs open twice a year, in Fall and Spring.",https://numl.edu.pk/programs/undergraduate,Minahil,verified
prog-042,programs,"NUML structures its academic degree schedules across two separate operational shifts, Morning and Evening sessions. Undergraduate degree offerings such as BS Computer Science and BS Software Engineering are allocated across these shifts based on department capacity and facility availability. Students enrolled in either shift complete the identical degree curriculum, earn the same total credit hours, follow standard examination grading criteria, and complete equivalent laboratory requirements under their respective department timetables. Academic transcripts and final degree certificates awarded upon graduation do not differentiate between morning or evening shift enrollment. One practical difference does exist for hostel seekers, though: on-campus hostel priority is generally given to morning-shift students, with evening-shift students considered only when spare capacity remains after morning applicants are placed.",https://www.numl.edu.pk/programs/program/57,Minahil,verified
prog-043,programs,"Short-term functional language certificates, diploma programs, and advanced diplomas are offered through the Faculty of Languages at NUML. These functional language options operate in 8-week, 16-week, or semester-length formats across various languages, including English, Chinese, Arabic, French, German, Korean, Japanese, and Persian. Functional language courses focus specifically on building practical speaking, reading comprehension, grammar, and professional writing proficiency rather than the broader academic curriculum found in a full degree program. These non-degree functional programs run on independent academic schedules alongside regular degree tracks and cater to both current university students looking to add a language skill and external learners from outside NUML who are not otherwise enrolled in a degree.",https://numl.edu.pk/programs/functional,Minahil,verified
prog-044,programs,"Advanced higher education degree offerings at NUML comprise Master of Science (MS), Master of Philosophy (MPhil), and Doctor of Philosophy (PhD) programs across various disciplines. Graduate research degree options exist in fields such as Computer Science, Data Science, Software Engineering, English Linguistics, English Literature, Management Sciences, Mathematics, Education, and Governance and Public Policy. Higher degree completion requires a combination of post-graduate coursework followed by independent research thesis preparation and an oral defense, as mandated by the university's research committees, and admission into these programs generally requires a relevant 16-year degree meeting the department's CGPA threshold. Applicants who already hold a qualifying HEC ETC, NTS, or GRE score are still required to sit NUML's own Subjective Test as part of the graduate admission process.",https://numl.edu.pk/programs/graduate,Minahil,verified
prog-045,programs,"The Bachelor of Science in Artificial Intelligence (BS AI) is a specialized four-year undergraduate program housed within the Faculty of Engineering and Computer Sciences. The degree curriculum is designed to cover fundamental computer science subjects along with specialized AI domains, including machine learning, deep learning, computer vision, natural language processing, knowledge representation, and robotics. The degree program spans eight academic semesters, requiring completion of continuous assessment components, mid-semester exams, terminal examinations, and a multi-semester capstone project focused on practical AI applications. Eligibility generally follows the same intermediate-qualification and entry-test requirements as BS Computer Science, since both fall under the same faculty, so applicants should confirm the current admission criteria specific to BS AI with the Admissions Office.",https://numl.edu.pk/programs/program/352,Minahil,verified
prog-046,programs,"Regulations governing degree program adjustments or shift changes at NUML require formal departmental evaluations and administrative approval rather than being processed automatically upon a student's request. Academic transfers between different degree disciplines, or shift transfers from Evening to Morning sessions, are constrained by available departmental seat capacities, program merit thresholds, and prerequisite coursework already completed. Transfer requests must align with academic equivalency criteria established by department heads and the Academics Branch, and are evaluated individually based on the student's academic standing and merit compatibility during official academic evaluation windows announced each semester. Students considering such a transfer should submit their formal application well ahead of these windows, since late requests outside the designated evaluation period are unlikely to be processed until the following semester.",https://numl.edu.pk/programs/undergraduate,Minahil,verified
prog-047,programs,"The Associate Degree Program (ADP) is a two-year undergraduate academic qualification designed to provide technical skills and foundational domain knowledge over four academic semesters. Offered across select computing and business disciplines, the ADP curriculum serves either as a direct qualification for entry-level employment or as a transition path toward a standard four-year BS degree. Students who complete the ADP requirements with the prescribed Cumulative Grade Point Average may apply for lateral entry into the fifth semester of a corresponding BS degree program, similar in principle to how a two-year BA or BSc graduate can bridge into a four-year BS program. Students interested in this lateral-entry route should confirm the specific CGPA threshold and any additional bridging coursework required with the relevant Department Head before assuming automatic eligibility.",https://numl.edu.pk/programs/undergraduate,Minahil,verified
prog-048,programs,"Specialized English language preparation and functional proficiency tracks are administered through the Faculty of Languages. These offerings include Functional English courses, English Language Certificates, Diplomas, and targeted preparation modules for international language proficiency tests like IELTS and TOEFL. The functional curriculum concentrates on oral fluency, academic writing, listening comprehension, and professional communication skills, distinct from the language courses embedded within a standard degree program's general education requirements. These modules run independently from standard undergraduate degree requirements, offering flexible skill development for enrolled students and outside professionals alike, and typically follow the same short-format structure, 8-week, 16-week, or semester-length, used by the Faculty of Languages' other functional and diploma offerings.",https://numl.edu.pk/programs/undergraduate,Minahil,verified
prog-049,programs,"Degree programs delivered across NUML regional campuses in cities such as Lahore, Rawalpindi, Faisalabad, Multan, Peshawar, Karachi, Quetta, Hyderabad, Gwadar, and Mirpur AJK maintain complete curriculum alignment with the main Islamabad campus. Academic course outlines, credit hour requirements, evaluation systems, and examination standards are centralized across all campus locations. Final degree qualifications, transcripts, and diplomas granted to graduates of regional campuses are issued directly by the NUML Main Campus and carry identical academic validity and recognition as a degree earned in Islamabad. That said, program availability and specific admission requirements can still vary between campuses, so a student considering a regional campus should confirm which degrees are actually offered there directly with that campus's administration rather than assuming the full Islamabad program list is available everywhere.",https://numl.edu.pk/programs/undergraduate,Minahil,verified
prog-050,programs,"Four-year undergraduate Bachelor of Science (BS) degree programs at NUML are structured around standard Higher Education Commission credit frameworks, requiring between 130 and 140 total credit hours across eight semesters. A single credit hour corresponds to one hour of theory lecture or three hours of practical laboratory work per week throughout a standard 16-to-18-week semester. The curriculum framework balances general education courses, discipline core subjects, elective tracks, lab work, and a final-year design or research project, and students must also maintain a minimum required CGPA throughout their studies to remain in good academic standing. For the exact subject-by-subject breakdown and credit distribution for a specific degree, students should consult their department's official scheme of study rather than relying on the general credit-hour range alone.",https://numl.edu.pk/programs/undergraduate,Minahil,verified
prog-051,programs,"Besides BS Computer Science, NUML offers several other four-year computing degrees under the Faculty of Engineering and Computer Sciences. Students can choose from BS Software Engineering, BS Artificial Intelligence, BS Cyber Security, and BS Data Science. All these degrees build a strong foundation in basic computer programming, mathematics, and database management during the early semesters, before moving into courses specific to the chosen major in later semesters. These degree programs are spread across eight semesters and follow the guidelines set by the Higher Education Commission and relevant computing accreditation councils, with BS Computer Science and BS Software Engineering specifically accredited by the National Computing Education Accreditation Council. Applicants interested in any of these degrees should confirm program-specific eligibility with the Faculty of Engineering and Computer Sciences, since requirements can differ slightly by major.",https://numl.edu.pk/programs/undergraduate,Minahil,verified
prog-052,programs,"Students who want to apply for an MS or MPhil degree in a field different from their previous bachelor's degree must follow NUML's discipline-switching rules. If a student does not have the exact academic background required for a program, the department may require them to take extra basic courses known as deficiency or bridging courses. These deficiency courses must be completed during the student's first few semesters, before they begin regular master's-level research and advanced subjects specific to the new discipline. Final admission still depends on meeting the department's merit requirements and test results in addition to completing any assigned bridging coursework, so a change in discipline does not bypass the standard graduate admission process; it simply adds a preparatory step before it.",https://numl.edu.pk/programs/graduate,Minahil,verified
prog-053,programs,"NUML offers executive and flexible-timing programs mainly designed for working professionals who want to continue their education without leaving their jobs. Programs like the Executive MBA and specific postgraduate diplomas offer classes in the late afternoon, evening, or on weekends rather than during standard daytime hours. These programs follow the same course content, credit hours, and quality of teaching as regular daily programs, with the schedule simply rearranged to match the routine of working candidates. Because seat availability and specific offerings under this executive or flexible-timing category can change from one intake to another, prospective applicants who are currently employed should confirm current program availability and the exact class schedule directly with the Admissions Office before applying.",https://numl.edu.pk/programs/graduate,Minahil,verified
prog-054,programs,"The Faculty of Languages at NUML offers short diploma and certificate courses in many foreign languages. Available options include Chinese, German, French, Korean, Japanese, Spanish, Italian, Russian, Turkish, Arabic, and Persian. These language programs start from basic Certificate levels and progress up to Advanced Diplomas, following a structure similar to the Faculty's functional English and IELTS/TOEFL preparation offerings. The lessons focus on basic grammar, speaking skills, reading, and listening comprehension rather than academic or literary study of the language. These courses are open to both current university students looking to add a language skill alongside their main degree, and to outside learners who are not otherwise enrolled at NUML but want to study a new language independently.",https://numl.edu.pk/programs/undergraduate,Minahil,verified
prog-055,programs,"Detailed course outlines and study plans for every degree program are managed by their respective departments at NUML. Students can view the list of subjects for each semester on the official NUML website under their program's page, which is also where the general credit-hour framework and scheme of study for a degree, typically 130 to 140 credit hours across eight semesters for a standard BS, can be confirmed. Instructors also hand out detailed course outlines at the start of every semester, explaining weekly topics, recommended textbooks, and grading rules specific to that course. These study materials are also uploaded to the university's Learning Management System for enrolled students to access easily, so a student unable to locate a printed outline should check the LMS before assuming the material is unavailable.",https://numl.edu.pk/programs/undergraduate,Minahil,verified
hst-056,hostel,"National University of Modern Languages provides separate on-campus hostel accommodation for male and female students at its main Islamabad campus. Hostel allotments are designed to facilitate outstation students who move to Islamabad specifically for their studies, rather than serving as general-purpose housing open to any interested student regardless of background. Accommodation capacity is distributed across multiple hostel blocks managed by dedicated wardens and hostel administrative staff, with boys, girls, and faculty housed in separate, self-contained blocks. Because of limited available seats, room allocation is handled through a structured application process managed directly by the Hostel Office rather than being automatically guaranteed upon academic admission, meaning a student must apply separately for hostel accommodation even after securing an academic seat.",https://numl.edu.pk/hostels,Minahil,verified
hst-057,hostel,"Newly admitted outstation students can apply for hostel accommodation only after confirming their academic admission at NUML, since hostel allotment is not bundled automatically with the academic admission process. The hostel application form must be obtained from the Hostel Office or downloaded from the official university portal during the designated admission intake window, and it must be submitted along with required academic and identity documents such as attested CNIC or Form-B copies and the admission fee receipt. Allotment lists are prepared based on seat availability and university priority guidelines, which weigh factors such as distance from a student's home district, after which selected candidates receive their fee challans for room confirmation and are expected to complete payment before their seat is finalized.",https://numl.edu.pk/hostels,Minahil,verified
hst-058,hostel,"Hostel seat allotments at NUML are granted based on specific priority criteria set by the university administration. Outstation students coming from far-off geographic regions, rural areas, and international candidates are given primary consideration for room allocation, while local residents of the twin cities of Islamabad and Rawalpindi are generally not eligible for on-campus hostel accommodation under standard allotment rules, though exceptions can be considered under exceptional circumstances with administrative approval. Academic program level, semester standing, and seat quotas across faculties also influence final room allotment decisions made by the Hostel Allotment Committee, and continuing students seeking re-allotment in later semesters must additionally maintain satisfactory academic performance and a clean disciplinary record to be considered.",https://numl.edu.pk/hostels,Minahil,verified
hst-059,hostel,"Students whose permanent or current residence falls within the local twin cities area of Islamabad and Rawalpindi are generally not eligible for NUML hostel accommodation under the standard allotment policy. The university hostel policy reserves available room inventory primarily for non-local and international students who have no local residence to fall back on, which reflects the broader hostel priority system that also favors students traveling from distant provinces. Exceptions are only considered under exceptional circumstances or specific administrative approvals processed through the Hostel Office and university authority channels, and a student in this situation who believes their circumstances justify an exception should submit a formal written appeal to the Warden Office rather than assuming a request will be granted automatically.",https://numl.edu.pk/hostels,Minahil,verified
hst-060,hostel,"Hostel accommodation charges at NUML consist of per-semester room rent, utility fees, maintenance charges, and a one-time refundable security deposit paid at the time of initial allotment. Hostel fees are separate from academic tuition fees and are deposited using a dedicated university bank challan rather than being combined with the regular semester fee challan issued for academic charges. The security deposit is refundable to the student upon completing their degree or formally vacating the hostel, provided no property damage or unpaid utility dues are recorded against the resident, though room rent and recurring semester charges are refunded only on a pro-rata basis if a student withdraws early, depending on the exact date of departure relative to the start of the semester.",https://numl.edu.pk/hostels,Minahil,verified
hst-061,hostel,"All students residing in NUML hostels are required to join the official hostel mess facility as part of their residence agreement. Cooking inside individual hostel rooms is strictly prohibited due to safety and health regulations, meaning residents cannot maintain their own kitchen setup even for basic meal preparation. The hostel mess operates under a centralized system to provide daily meal services, including breakfast, lunch, and dinner, to resident students, with charges calculated on a monthly or per-semester billing cycle based on attendance and operational costs. Joining the mess system is an integral requirement of the hostel residence agreement signed by students upon taking possession of their room, so a student cannot opt out of mess membership while remaining a hostel resident.",https://numl.edu.pk/hostels,Minahil,verified
hst-062,hostel,"Hostel mess charges are calculated on a monthly or per-semester billing cycle based on the operational costs and meal schedules set by the Mess Management Committee. Bills are generated according to student attendance, daily meal charges, and fixed mess running expenses, meaning the exact amount a student owes can vary somewhat based on how consistently they eat at the mess during the billing period. Resident students must clear their mess bills within the prescribed due dates displayed on hostel notice boards, and failure to pay mess dues on time can lead to late fee penalties or suspension of hostel mess privileges, which is a separate consequence from the university-wide late fee that applies to unpaid academic fee challans.",https://numl.edu.pk/hostels,Minahil,verified
hst-063,hostel,"Candidates selected for hostel accommodation must submit a complete document package to finalize room possession. Required documents include attested copies of the student's Computerized National Identity Card (CNIC) or Form-B, guardian CNIC copies, official university admission fee receipt, recent passport-sized photographs, and a signed affidavit agreeing to follow hostel rules. International students must also supply copies of their valid passport, student visa, and relevant NOC clearance documents, coordinated through the International Students Office in addition to the standard Hostel Branch process. A candidate missing any of these documents at the time of room possession may have their allotment delayed until the complete set is submitted and verified.",https://numl.edu.pk/hostels,Minahil,verified
hst-064,hostel,"NUML maintains strict entry gate timings and curfew rules across all campus hostels to ensure resident safety. Girls' hostels observe specific evening closing times, after which movement outside the hostel premises is restricted without prior written authorization from the hostel warden, while similar though sometimes less restrictive timing rules apply to the boys' hostel. Gate attendance registers are maintained daily by security staff to track resident movement in and out of the building. Repeated violations of arrival timings or unauthorized absences after curfew hours lead to disciplinary action by the Hostel Disciplinary Committee, so students anticipating a late return due to academic commitments should contact their warden in advance rather than risk a violation on their record.",https://numl.edu.pk/hostels,Minahil,verified
hst-065,hostel,"Family members and visitors are allowed to meet hostel residents only during designated visiting hours established by the Hostel Office. Visitors must present valid identity credentials, register their details at the hostel entrance gate, and meet students in designated visitor lounges rather than being permitted into the private residential areas of the hostel. Parents and blood relations specified during the initial application process are granted entry permits, whereas general unauthorized visitors, including friends or extended acquaintances not listed on the student's file, are not permitted beyond security reception areas under normal circumstances, and any exception outside the fixed visiting hours requires prior permission from the Hostel Warden.",https://numl.edu.pk/hostels,Minahil,verified
hst-066,hostel,"External guests, day-scholar classmates, and non-resident friends are strictly prohibited from staying overnight in hostel rooms, a rule distinct from the daytime visiting-hours policy that allows registered family members into designated visitor lounges. Unannounced or unauthorized guest stays are considered a major policy violation under university hostel discipline regulations and can result in disciplinary action against the resident who allowed the stay. In case of emergency or when visiting immediate family members from out of town, temporary guest room accommodations may be requested in advance through the Warden Office, subject to availability and prescribed guest room charges, but this arrangement must be formally requested rather than assumed permissible on an ad hoc basis.",https://numl.edu.pk/hostels,Minahil,verified
hst-067,hostel,"Standard hostel rooms at NUML are equipped with essential basic furniture items to support student living and study needs. Each resident is provided with a single bed frame, a study table, a chair, and a clothing cupboard or wardrobe unit as part of the room's fixed furnishings. Shared room facilities like ceiling fans, lighting fixtures, and standard electrical sockets are maintained by the campus engineering branch, which also handles repair requests logged through the hostel's maintenance complaint register. Students are expected to bring their own bedding, mattresses, pillows, study lamps, and personal hygiene supplies, since these consumable and personal items are not provided as part of the standard room furnishing package.",https://numl.edu.pk/hostels,Minahil,verified
hst-068,hostel,"Internet connectivity is provided across NUML student hostels through campus Wi-Fi networks and local area network access points. The network service is managed by the university IT Services branch to assist students with research, LMS access, and academic tasks, meaning the connection is intended primarily for study-related use rather than unrestricted general browsing or heavy media streaming. Residents receive network access credentials linked to their student registration accounts once their hostel enrollment is finalized. Usage policies apply to ensure equitable bandwidth distribution among residents and to block access to unapproved or unsafe internet content, and students experiencing persistent connectivity problems in their specific room should raise the issue with the IT Services Desk rather than the Hostel Warden.",https://numl.edu.pk/hostels,Minahil,verified
hst-069,hostel,"Basic laundry infrastructure and washing areas are provided within hostel blocks to assist resident students with personal laundry tasks. Dedicated laundry spaces allow students to manage routine clothing care on campus without needing to leave the hostel building for basic washing needs. Commercial laundry and pressing services may also operate near or within designated campus premises for affordable fees, offering an alternative for students who prefer not to handle their own washing and ironing. Resident students are responsible for managing their personal garments and adhering to cleanliness guidelines in shared laundry areas, and any dispute over shared equipment or space should be raised with the Hostel Warden rather than resolved informally between residents.",https://numl.edu.pk/hostels,Minahil,verified
hst-070,hostel,"The use of heavy electrical appliances inside hostel rooms is regulated to manage power infrastructure capacity and prevent fire hazards. Basic personal items like laptop chargers, mobile devices, and small study lamps are permitted without restriction. Heavy electrical heating or cooking equipment, such as electric heaters, hot plates, microwave ovens, mini fridges, and air conditioners, is prohibited inside student rooms, largely because the shared electrical wiring in older hostel blocks is not designed to handle this additional load safely. Misuse of room electrical outlets or unapproved wiring alterations results in device confiscation and fines, and students with a genuine medical need for an otherwise restricted appliance should raise the request formally with the Hostel Office rather than installing it without approval.",https://numl.edu.pk/hostels,Minahil,verified
hst-071,hostel,"Hostel seat allocations are calculated using a balanced consideration of geographical distance from the home district and academic performance. Candidates traveling from distant provinces or international regions receive higher weightage during seat distribution, consistent with the broader hostel policy that generally excludes students from the local Islamabad-Rawalpindi twin cities area. For continuing students seeking re-allotment in a later semester, maintaining a satisfactory Grade Point Average and disciplined hostel conduct throughout previous semesters serve as mandatory evaluation metrics applied by the Hostel Allotment Committee, meaning a student's seat is not guaranteed to carry over automatically from one semester to the next regardless of their original distance-based priority.",https://numl.edu.pk/hostels,Minahil,verified
hst-072,hostel,"Priority for on-campus hostel seats is primarily granted to regular morning-shift degree candidates due to overall capacity limits across the hostel blocks. Evening-shift students are evaluated for hostel allotment only when spare room capacity remains after satisfying morning-shift student applications, reflecting the broader pattern in which morning and evening shifts share an identical academic curriculum but differ in access to certain campus resources like hostel seats. Evening students seeking hostel accommodation must fulfill identical geographic eligibility rules, meaning they must still qualify as outstation or international students, and submit the standard application forms for review by the Hostel Office within the normal allotment cycle rather than through a separate process.",https://numl.edu.pk/hostels,Minahil,verified
hst-073,hostel,"Maintaining satisfactory academic standing and minimum attendance levels is required to retain a hostel seat at NUML. If a resident student experiences a severe academic drop, fails multiple subjects, or falls below the required semester CGPA threshold, their hostel re-allotment request for subsequent semesters may be denied by the Hostel Allotment Committee, even if their original allotment was based on strong distance-based priority. Hostel seats are regularly re-evaluated at the end of each academic session to prioritize active students in good academic standing, so a student facing academic difficulty that could affect their hostel status should proactively consult both the Academics Branch and the Hostel Office rather than waiting for a re-allotment decision to be made without their input.",https://numl.edu.pk/hostels,Minahil,verified
hst-074,hostel,"International and foreign national students enrolled in full-time degree programs at NUML are provided reserved hostel seat allocation options, consistent with the broader hostel priority policy that favors students without a local residence to fall back on. Foreign candidates coordinate their accommodation requests through the International Students Office and the Hostel Branch upon arrival, rather than applying through the standard domestic hostel application process alone. All international residents must fulfill standard hostel registration formalities, observe campus discipline policies, and maintain valid visa and security clearances throughout their residence term, and any lapse in visa status can affect their continued eligibility to remain in hostel accommodation regardless of their academic standing.",https://numl.edu.pk/hostels,Minahil,verified
hst-075,hostel,"Basic medical care and first-aid support are available to hostel residents through the campus Medical Center located on university grounds. Trained medical staff and basic health amenities handle minor ailments, routine checkups, and emergency first response during working hours, offering a first point of contact for a resident who falls ill without needing to leave campus immediately. For severe medical emergencies requiring specialized hospital care, hostel wardens coordinate transportation to off-campus government or private medical centers located nearby, meaning the Medical Center itself is not equipped to handle serious or life-threatening conditions beyond initial stabilization and referral. Residents needing ongoing treatment for a condition beyond first aid are generally advised to arrange follow-up care with a doctor of their own choosing outside campus, since the Medical Center's role is limited to immediate, short-term response rather than continuing management.",https://numl.edu.pk/hostels,Minahil,verified
hst-076,hostel,"Resident students planning to leave the hostel overnight or visit their hometowns for weekends must follow formal leave pass procedures rather than simply informing a roommate or leaving without notice. Leave applications must be submitted in advance to the Hostel Warden Office stating the travel purpose, departure timing, return date, and emergency contact details, allowing the warden to account for the student's whereabouts during the period of absence. For female hostel residents specifically, leave approvals require verified authorization or consent from documented parents or local guardians before leave passes are granted, a requirement that does not apply in the same form to male residents under the standard policy.",https://numl.edu.pk/hostels,Minahil,verified
hst-077,hostel,"Room allotments assigned at the beginning of an academic session are intended to remain fixed for the full term rather than being subject to casual reassignment during the semester. However, formal requests for room or roommate changes may be considered under specific circumstances, such as academic schedule conflicts or administrative adjustments identified by the Hostel Office itself. Students seeking a transfer must submit a written application to the Hostel Warden outlining valid reasons for the request rather than relying on a verbal ask. Transfers are granted solely at the discretion of the Hostel Office and depend on available room vacancies at the time of the request, so approval is not guaranteed even when a reasonable justification is provided.",https://numl.edu.pk/hostels,Minahil,verified
hst-078,hostel,"Students are required to vacate their hostel rooms during long official semester breaks, such as summer vacations, to allow for maintenance, renovation, and deep cleaning of the hostel blocks. Personal belongings must be packed securely or stored in designated luggage rooms as instructed by hostel wardens, since rooms may be reassigned or worked on during the break period. Students staying back during vacations for academic research, summer courses, or official university projects must seek special permission from the Hostel Office to retain temporary holiday accommodation, and this permission is not granted automatically simply because a student has an academic reason to remain on campus.",https://numl.edu.pk/hostels,Minahil,verified
hst-079,hostel,"Refund of hostel charges upon early departure or room cancellation is governed by university financial rules distinct from, though structured similarly to, the academic tuition refund policy. The security deposit paid during initial allotment is fully refundable after deducting any outstanding mess dues or damage costs recorded against the resident. However, room rent and recurring semester fees are refunded on a pro-rata basis depending on the exact date of official withdrawal relative to the start of the academic semester, meaning a student who withdraws later in the semester recovers a smaller proportion of these charges than one who withdraws shortly after the term begins.",https://numl.edu.pk/hostels,Minahil,verified
hst-080,hostel,"Hostel maintenance issues, such as electrical failures, plumbing repairs, or furniture damage, are handled through formal maintenance complaint registers maintained at each hostel warden office. Resident students log their specific room repair issues in the register rather than reporting them informally to hostel staff, ensuring the issue is tracked until resolved. Minor maintenance work is completed by assigned university technicians from the campus engineering branch, the same branch responsible for the electrical and lighting fixtures installed in hostel rooms, while urgent security concerns are addressed immediately by the Hostel Warden and campus security personnel rather than being logged in the standard maintenance register.",https://numl.edu.pk/hostels,Minahil,verified
trn-081,transport,"Students who want to use NUML's bus facility must obtain a Bus Fee Challan from the Transport Office and deposit the fee before a pass can be issued. Bus passes are then issued on a first-come, first-served basis rather than being guaranteed to every applicant, so depositing the fee promptly matters if seats on a preferred route are limited, since routes with fewer available seats can fill up before the registration window officially closes. This entire process is managed through the NUML Transportal, a portal separate from both the main NUML website and the general admission system, so students should register there directly rather than assuming the Transport Office handles applications only in person.",numl.edu.pk/announcement/578,Minahil,verified
trn-082,transport,"A valid Student Bus Pass is mandatory for any student who wants to travel on NUML's transport service. Students cannot board a NUML bus without one, so the pass should be arranged well before relying on university transport, since passes are issued through the NUML Transportal on a first-come, first-served basis once a student's Bus Fee Challan has been deposited. A bus pass is also route-specific, meaning it is only valid for the exact route a student registered for, so simply holding any pass is not sufficient; the pass must match the specific route the student intends to travel on that day.",transport.numl.edu.pk,Minahil,verified
trn-083,transport,"NUML manages bus registration and renewal through a dedicated online portal called the NUML Transportal, separate from the main NUML website and the general admission portal. Both new and continuing students use this portal each semester to apply for or renew their Student Bus Pass, and the exact registration window is announced fresh for each semester rather than following a fixed date, with continuing students typically given an earlier renewal window and new students a separate, slightly later window. Since bus passes are issued first-come, first-served and payment is due as a single full amount with no installment option, students are advised to complete their Transportal registration and challan payment as early as possible within their assigned window.",transport.numl.edu.pk,Minahil,verified
trn-084,transport,"The NUML Transportal opens for a defined registration window at the start of each semester, covering both renewal of old bus passes and registration of new students. The exact dates are announced separately each semester rather than staying fixed year to year, and continuing students who already hold a bus card are typically given an earlier window to renew, while newly admitted students are given a separate, slightly later window to register for the first time. If seats remain available on certain routes after this main window closes, the Transportal may reopen specifically for those vacant seats, though this reopening is not guaranteed to happen every semester.",transport.numl.edu.pk,Minahil,verified
trn-085,transport,"Continuing students who already hold a NUML bus card typically get an earlier window to apply for renewal, while newly admitted students are given a separate, slightly later window to register for the first time. Both windows are managed through the NUML Transportal, and the exact opening and closing dates are announced separately each semester rather than staying fixed year to year. A student who held a bus card in a previous semester is not automatically renewed simply because their earlier registration exists; they must actively reapply through the Transportal and update their profile information each semester before a new pass is issued for the current term.",numl.edu.pk/announcement/669,Minahil,verified
trn-086,transport,"NUML's transport fee does not offer a fee waiver or installment payment option. Students are expected to pay the full transport fee as a single payment when depositing their Bus Fee Challan through the Transport Office or via the NUML Transportal. Missing the announced payment deadline results in a student being struck off the transport list for that semester, with no further extension granted regardless of the reason for the delay. Because there is no partial-payment route available, students planning to use university transport should budget for this as a single upfront cost each semester rather than assuming a payment plan will be offered as it might be for some other university charges.",numl.edu.pk/announcement/798,Minahil,verified
trn-087,transport,"Students who qualify as a Special Person can apply for a Special Person Bus Card through the Main Transport Officer (MTO) Office by submitting a simple application along with a copy of their Special CNIC or an equivalent certificate confirming their eligibility. This is a separate process from the standard bus pass application handled through the NUML Transportal, meaning a Special Person applicant does not necessarily go through the same first-come, first-served general registration window as other students. Eligible students can direct any questions about documentation or the specific application process to the Transport Office directly, either in person or through NUML's main university line.",numl.edu.pk/announcement/678,Minahil,verified
trn-088,transport,"Students who fail to deposit their Bus Fee within the announced deadline are struck off the transport list for that semester, and no further date extension is granted after the cutoff, regardless of individual circumstances. Since NUML's transport fee must be paid as a single full payment with no installment option, students should plan to deposit their Bus Fee Challan well ahead of the announced due date rather than close to it, since a delay of even a day past the deadline can result in losing the seat entirely. A student removed from the list for missing the deadline would then need to wait for a subsequent reopening of the Transportal, if one is announced, to apply again for any remaining vacant seats.",numl.edu.pk/announcement/717,Minahil,verified
trn-089,transport,"Once a student's bus card is ready, an email notification is sent to them at the address linked to their student registration account. The card can then be collected either directly from the bus on their assigned route or from the Transport Office, whichever is more convenient for the student's daily schedule. Students should check their registered email regularly after applying, since delays in collecting the card can affect their ability to use university transport once classes resume for the semester, and a student who does not collect their card promptly may find it harder to coordinate pickup once the bus schedule for the term is already in full swing.",numl.edu.pk/announcement/678,Minahil,verified
trn-090,transport,"A NUML bus pass is valid only for the specific route it was issued for. Students are not permitted to travel on a different route than the one shown on their pass, so it is important to select the correct route at the time of registration through the NUML Transportal, since switching routes afterward is not simply a matter of showing the existing pass to a different bus's staff. A student who needs to change their assigned route partway through a semester, for example due to a change in residence, should contact the Transport Office directly to ask whether a route change is possible rather than assuming their existing pass will be honored on the new route.",numl.edu.pk/announcement/798,Minahil,verified
trn-091,transport,"If seats remain available on certain routes after the main registration window closes, the NUML Transportal may reopen specifically for those vacant seats, and students can apply only for the routes that still have space rather than for any route of their choosing. This reopening is not guaranteed every semester, since it depends entirely on whether any seats remain unfilled after the initial renewal and new-registration windows have both closed. Students are encouraged to register during the original window rather than relying on a possible second chance, since a student who misses the first window and hopes for a reopening may find that no additional seats become available that particular semester.",numl.edu.pk/announcement/798,Minahil,verified
trn-092,transport,"Students who apply early for transport may be issued a conditional Bus Fee Challan as a head start on the registration process. This is provisional, and final approval of the bus pass is only granted after any incorrect or missing information in the student's profile on the NUML Transportal is corrected and verified by the Transport Office. A student who receives a conditional challan should not assume their seat is fully secured until this verification step is complete, since an unresolved discrepancy in their profile details, such as a mismatched registration number, could delay or affect the final issuance of their actual bus pass.",numl.edu.pk/announcement/798,Minahil,verified
trn-093,transport,"Students who held a NUML bus card in a previous semester are not automatically renewed for the following term. They are advised to apply again for renewal through the Transportal and to update their profile information for the current semester before a new pass is issued, since the system does not carry over an old registration by default. This applies even to students who have held a pass for several consecutive semesters without interruption, meaning renewal is an active step each term rather than a one-time registration that persists automatically until a student graduates or withdraws. Students who forget this step and assume their earlier card remains valid risk being unable to board once the new semester's bus schedule takes effect, since drivers and route staff check for a current, correctly renewed pass rather than any bus card a student happens to be carrying.",numl.edu.pk/announcement/669,Minahil,verified
trn-094,transport,"The transport application form for NUML's bus facility can be downloaded directly from the NUML Transport Portal rather than being collected only in person from the Transport Office. Once filled out, the form is typically submitted along with the Bus Fee Challan and any required documents either in person or through the portal, depending on the specific process announced for that semester, so a student should check the current instructions rather than assuming the exact submission method from a previous term still applies. This flexibility in downloading the form is separate from the payment step itself, which still requires depositing the Bus Fee Challan as a single full payment regardless of how the application form was obtained.",numl.edu.pk/announcement/669,Minahil,verified
trn-095,transport,"For transport-related queries, students at NUML Islamabad can contact the university's main line at +92-51-9265100, since transport matters are handled by the Transport Office under the main administration rather than having a dedicated public-facing phone line of its own. This covers issues such as bus pass registration, missing cards, route assignment, or fee payment questions, and callers may need to ask to be transferred to the Transport Office extension once connected to the main switchboard, similar to how other administrative offices such as the Dean's office for Engineering and Computer Sciences are also reached through extensions off this same central number.",numl.edu.pk (Announcements/Contact),Minahil,verified
sch-096,scholarships,"NUML offers the HEC Need Based Scholarship in collaboration with the Higher Education Commission to support talented students who are financially unable to meet the cost of higher education, with special preference given to students from remote and rural areas. This scholarship is generally intended to cover the student's semester fee along with a monthly stipend contribution toward living costs such as books, transport, food, and hostel expenses, though the exact amount depends on HEC's allocation for that particular cycle. It is offered for both undergraduate four-year programs and graduate two-year programs, and is available to students at NUML's regional campuses as well as the main Islamabad campus, so eligibility is not restricted to any single campus or degree level.",numl.edu.pk/main/campus/scholarships,Minahil,verified
sch-097,scholarships,"Eligibility for the HEC Need Based Scholarship at NUML is determined by the Institutional Scholarship Award Committee (ISAC), which assesses each applicant's financial need before an award is granted. There is no fixed formula applicants can calculate themselves, since the decision comes down to the committee's evaluation of the submitted supporting documents, such as a parent's salary slips or utility bills, and each candidate's individual circumstances rather than a single numeric cutoff. Shortlisted candidates are typically contacted separately for an interview as a further part of this evaluation process, so applicants should keep their contact details on the application form accurate and up to date after submitting, since the committee usually reaches out directly once shortlisting has been finalized.",numl.edu.pk/scholarship/HEC%20Need%20Based%20Scholarship%20Program,Minahil,verified
sch-098,scholarships,"The HEC Need Based Scholarship program at NUML is offered for both undergraduate four-year programs and graduate two-year programs. Eligibility is assessed the same way regardless of degree level, based on demonstrated financial need reviewed by the Institutional Scholarship Award Committee, so graduate applicants should prepare the same supporting documents as undergraduate applicants when they apply, including a paid fee challan copy, salary slips, and photographs. Students beyond their first semester of either an undergraduate or graduate program must additionally attach their previous semester's result transcript, since continued receipt of the scholarship is generally subject to maintaining satisfactory academic performance each semester regardless of degree level.",numl.edu.pk/lahore/campus/scholarships/HEC%20Need%20Base%20Scholarship,Minahil,verified
sch-099,scholarships,"Students studying at NUML's regional campuses are also eligible to apply for the HEC Need Based Scholarship, by submitting their application through their own campus rather than the main Islamabad campus, before the announced due date. Regional-campus applicants go through the same review process as Islamabad-campus applicants once their documents are submitted, meaning the Institutional Scholarship Award Committee applies the same evaluation criteria regardless of which campus an applicant is enrolled at. Because the submission point differs by campus, a regional-campus student should confirm the exact office and address to submit their application locally, rather than assuming they need to send documents to the Student Financial Aid Office in Islamabad.",numl.edu.pk/scholarship/HEC%20Need%20Based%20Scholarship%20Program,Minahil,verified
sch-100,scholarships,"The completed HEC Need Based Scholarship form, along with all supporting documents, is submitted to the Student Financial Aid Office, located in Room No. 26, Jinnah Block, at the NUML Islamabad campus, for students applying through the main campus. Applicants should confirm their document set is complete before submitting, since forms missing required paperwork or submitted after the due date are not accepted outright rather than being returned for correction. Students at regional campuses submit their applications through their own campus instead of this Islamabad office, so the Jinnah Block location applies specifically to Islamabad-based applicants rather than to every NUML student nationwide.","pakadmissions.com (NUML scholarship guide), cross-checked with numl.edu.pk",Minahil,verified
sch-101,scholarships,"Applicants for the HEC Need Based Scholarship must submit documents including a paid fee challan copy, attested salary slips of a parent or supporting family member, a copy of the pension book if a parent is retired, recent utility bill copies, and two attested passport-size photographs. Students beyond their first semester must also attach their previous semester's result transcript, reflecting the broader requirement that continued scholarship eligibility depends on maintaining satisfactory academic performance. The application form itself must be filled out in black pen with every field completed factually and comprehensively, since incomplete or inaccurate entries can affect how the Institutional Scholarship Award Committee assesses the application.","preparehow.com (NUML scholarship guide), cross-checked with numl.edu.pk",Minahil,verified
sch-102,scholarships,"NUML does not accept HEC Need Based Scholarship applications that are missing required supporting documents, or that are submitted after the announced due date. Required documents typically include a paid fee challan copy, attested salary slips, a pension book copy if applicable, utility bills, and passport-size photographs, so applicants should double-check their document set against the requirements before submitting to the Student Financial Aid Office, or their own regional campus office if applying outside Islamabad. Because incomplete forms are rejected outright rather than returned to the applicant for correction, it is worth assembling every required document in advance rather than submitting the form first and adding paperwork afterward.",preparehow.com (NUML scholarship guide),Minahil,verified
sch-103,scholarships,"The HEC Need Based Scholarship application form must be filled out in black pen, with every field completed carefully and factual, comprehensive, and authentic information provided throughout. Incomplete or inaccurate entries can affect how the application is assessed by the Institutional Scholarship Award Committee, so applicants should cross-check details against their supporting documents, such as salary slips and utility bills, before submitting. This attention to accuracy matters because the committee's evaluation is based entirely on the submitted form and documents rather than a follow-up clarification process, so an applicant who leaves a field blank or provides a detail that does not match their supporting paperwork risks their application being assessed unfavorably or rejected outright.",numl.edu.pk/scholarship/HEC%20Need%20Based%20Scholarship%20Program,Minahil,verified
sch-104,scholarships,"After submitting a complete Need Based Scholarship application, shortlisted candidates are contacted separately for an interview as part of the selection process carried out by the Institutional Scholarship Award Committee. Applicants should keep their contact details on the form accurate and check regularly for updates after submitting, since the committee typically reaches out directly once shortlisting has been finalized, generally by phone or email rather than through a posted list. Because the committee's decision is based on this combination of documentary evidence and interview impression rather than a single numeric financial-need score, students should treat the interview stage as a genuine part of the assessment rather than a formality that follows an already-decided outcome.",pakadmissions.com (NUML scholarship guide),Minahil,verified
sch-105,scholarships,"Apart from the need-based scholarship, NUML also offers a Merit Scholarship awarded purely on the basis of academic excellence, independent of financial need. It can take the form of a fee waiver, a fee refund, or a monetary incentive or award, so students who don't qualify for the need-based route may still be eligible here based on their academic performance rather than their financial circumstances. This is separate from the sports quota scholarship available to candidates admitted under NUML's sports-based admission category, which similarly offers a full fee waiver but is tied to a certificate-based admission quota rather than ongoing academic performance, so a student should not assume the two overlap or substitute for one another.",numl.edu.pk/main/campus/scholarships,Minahil,verified
sch-106,scholarships,"NUML has established a Support Fund to provide financial assistance to underprivileged and needy students of the university. This fund is supported through voluntary donations and Zakat contributions from NUML employees, and operates separately from the HEC Need Based Scholarship, offering another avenue for students who may not qualify for that specific program or whose need falls outside the criteria assessed by the Institutional Scholarship Award Committee. Because this fund draws on internally raised donations rather than an HEC allocation, its availability and the amount it can offer in a given cycle may depend on how much has been contributed, so students interested in this option should inquire directly with the Student Financial Aid Office about current availability.",numl.edu.pk/main/campus/scholarships,Minahil,verified
sch-107,scholarships,"NUML also facilitates scholarships awarded by Pakistan Bait-ul-Mal (PBM) for deserving students of the university, with applications invited separately from the HEC Need Based Scholarship process and announced on their own schedule rather than alongside it. Like the Support Fund, this offers another option for students who do not qualify for the HEC scholarship, or who wish to apply to more than one financial assistance program simultaneously to improve their chances of receiving some form of support. Because PBM scholarships are administered by an external organization rather than NUML directly, students interested in this route should watch for its own separate announcement rather than assuming it follows the same timeline as the university's internal scholarship processes.",numl.edu.pk/main/campus/scholarships,Minahil,verified
sch-108,scholarships,"For questions about the HEC Need Based Scholarship or other scholarship programs, students can contact the Student Financial Aid Office at NUML's main line, 051-9265100, noting that an extension number may be required to reach the correct department once connected to the university switchboard. The office is also physically located at Room No. 26, Jinnah Block, on the Islamabad campus for students who prefer to visit in person rather than call, which is also where the completed HEC Need Based Scholarship form and supporting documents are submitted. Regional-campus students, however, should direct their scholarship queries to their own campus office rather than this Islamabad location, since they submit their applications locally rather than through the Jinnah Block office.",pakadmissions.com (NUML scholarship guide),Minahil,verified
sch-109,scholarships,"The HEC Need Based Scholarship is generally intended to cover the student's semester fee along with a monthly stipend contribution toward living costs such as books, transport, food, and hostel expenses, though the exact amount depends on HEC's allocation for that cycle rather than being a fixed figure published in advance. This means the value of the scholarship can vary from one semester or academic year to the next depending on how much funding HEC makes available to NUML overall. Students should treat this as a general benefit description rather than a guaranteed fixed amount, and should confirm current details, including how the stipend is disbursed, with the Student Financial Aid Office once an award has actually been granted.",pakadmissions.com (NUML scholarship guide),Minahil,verified
sch-110,scholarships,"Scholarship programs at NUML, including the Need Based Scholarship, are intended for students who are actively enrolled in a participating program, and continued receipt of the scholarship until degree completion is generally subject to satisfactory academic performance each semester rather than being granted once and held permanently regardless of later results. This is reflected in the requirement that students beyond their first semester must submit their previous semester's result transcript with each renewal application, allowing the Institutional Scholarship Award Committee to reassess continued eligibility. Students whose results or enrollment status change, for example due to a semester freeze or a significant drop in CGPA, should confirm with the Student Financial Aid Office whether their scholarship status is affected before assuming it will simply continue unchanged.",hec.gov.pk (Need Based Scholarships Eligibility Criteria),Minahil,verified
fac-111,faculty,"NUML Islamabad is organized into four core faculties: the Faculty of Languages, the Faculty of Engineering and Computer Sciences, the Faculty of Management Studies, and the Faculty of Social Sciences, alongside a fifth Faculty of Arts and Humanities that complements the four core faculties by nurturing students' creative and aesthetic development alongside their main degree. Each program at NUML falls under one of these five faculties, which determines which dean's office and department handle a student's academic matters and approvals. Students unsure which faculty their specific program belongs to can use the online Faculty Finder tool on the NUML website, which is designed specifically to route a query to the correct faculty or department contact.",timeshighereducation.com (NUML profile),Minahil,verified
fac-112,faculty,"The Faculty of Engineering and Computer Sciences (FE&CS) at NUML comprises the Department of Electrical Engineering, the Department of Computer Science, and the Department of Mathematics. It was established in October 2008, bringing together Computer Science classes that had already begun in January 2002 and Engineering classes that began later in August 2006 under one unified faculty structure. Its programs, including BS Computer Science and BS Software Engineering, are accredited by the National Computing Education Accreditation Council, while BE Electrical Engineering is separately accredited by the Pakistan Engineering Council starting from its very first batch. Students with faculty-wide queries can reach the Dean's office through NUML's main line, extension 2060, or by email at dean-engg@numl.edu.pk.",numl.edu.pk/main/campus/faculties/128,Minahil,verified
fac-113,faculty,"NUML's BE Electrical Engineering degree is accredited by the Pakistan Engineering Council (PEC) starting from its very first batch of students. The BS Computer Science and BS Software Engineering programs are accredited by the National Computing Education Accreditation Council (NCEAC), and all three of these programs fall under the Faculty of Engineering and Computer Sciences, which also includes the Department of Mathematics and was formally established in October 2008. This layered accreditation structure means students in these specific programs benefit from both the general HEC recognition that applies to every NUML degree and an additional, discipline-specific accreditation relevant to professional registration in their field after graduation, which not every program at the university carries in the same way.",numl.edu.pk/main/campus/faculties/128,Minahil,verified
fac-114,faculty,"Computer Science classes began at NUML Islamabad in January 2002, while Engineering classes began later, in August 2006. Both programs now sit under the Faculty of Engineering and Computer Sciences, which was formally established in October 2008 to bring these growing departments together with the Department of Mathematics under one unified faculty structure, rather than operating as separate standalone units as they had in the earlier years before the faculty's formal creation. This means Computer Science at NUML predates the formal Faculty of Engineering and Computer Sciences by close to seven years, having started as an individual program before the broader engineering and computing structure was consolidated around it once Engineering classes were also introduced.",numl.edu.pk/main/campus/faculties/128,Minahil,verified
fac-115,faculty,"The Faculty of Social Sciences at NUML offers BS, MPhil, and PhD programs in areas including Educational Sciences, Applied Psychology, International Relations, Islamic Thought and Culture, Media and Communication Studies, Pakistan Studies, Peace and Conflict Studies, and Governance and Public Policy. It is one of NUML's four core faculties, alongside the Faculty of Languages, the Faculty of Engineering and Computer Sciences, and the Faculty of Management Studies, and is further complemented by the separate Faculty of Arts and Humanities. Students interested in any of these disciplines should confirm program-specific admission requirements with the relevant department directly, since eligibility criteria, entry test structure, and merit calculation can vary between the different degree programs housed under this single faculty.",numl.edu.pk/faculties/Faculty%20of%20Social%20Sciences,Minahil,verified
fac-116,faculty,"NUML also has a Faculty of Arts and Humanities (FAH), which works to foster interest and nurture the aesthetic abilities of students alongside their academic studies rather than functioning as a fifth degree-granting faculty in the same structural sense as the other four. It complements NUML's other four core faculties, Languages, Engineering and Computer Sciences, Management Studies, and Social Sciences, by giving students a space for creative development outside their main degree program regardless of which of those four faculties a student's primary degree falls under. Because of this complementary role, students across every degree program at NUML, not just those enrolled in a specific arts-related major, can typically engage with the opportunities the Faculty of Arts and Humanities offers.",numl.edu.pk/faculties/Faculty%20of%20Arts%20and%20Humanities,Minahil,verified
fac-117,faculty,"Students can contact the Dean of the Faculty of Engineering and Computer Sciences at NUML through the university's main line, +92-51-9265100, extension 2060, or by email at dean-engg@numl.edu.pk. For program-specific queries rather than faculty-wide matters, contacting the relevant department directly, such as the Department of Computer Science or the Department of Electrical Engineering, or using NUML's online Faculty Finder tool, may get a faster response than routing every query through the Dean's office. This distinction matters because the Dean's office typically handles broader faculty-level administrative matters, while day-to-day academic questions about a specific course or program are usually resolved more quickly at the department level.",numl.edu.pk/main/campus/faculties/128,Minahil,verified
fac-118,faculty,"NUML provides an online Faculty Finder tool on its website to help students identify and reach the correct department or faculty contact for their query. This is particularly useful for students unsure which of NUML's four core faculties, Languages, Engineering and Computer Sciences, Management Studies, or Social Sciences, plus the complementary Faculty of Arts and Humanities, their specific program or concern falls under. Rather than guessing which dean's office or department to contact and risking a delayed or misdirected query, a student can use this tool to route their question correctly the first time, which is especially helpful for administrative matters like transcripts, fee queries, or program transfers that require reaching the right office.",numl.edu.pk/facultyfinder,Minahil,verified
fac-119,faculty,"Across its faculties, NUML offers undergraduate, graduate, and postgraduate programs in languages and linguistics, social sciences, media and communications, management sciences, and electrical, software, and computer engineering disciplines. These programs are distributed across NUML's four core faculties, Languages, Engineering and Computer Sciences, Management Studies, and Social Sciences, and the complementary Faculty of Arts and Humanities, so the online Faculty Finder tool can help identify which faculty a specific program belongs to. This breadth means a prospective student is not limited to a single academic direction at NUML, and can potentially combine a primary degree in one faculty with creative or extracurricular engagement through the Faculty of Arts and Humanities alongside it.",en.wikipedia.org/wiki/National_University_of_Modern_Languages,Minahil,verified
fac-120,faculty,"NUML's official motto is ""We teach how to think, not what to think,"" reflecting the university's stated focus on critical thinking over rote learning. This philosophy is intended to run across all of NUML's faculties and programs, from languages and social sciences to engineering, computer sciences, and management studies, rather than being associated with any one specific faculty or degree. The motto reflects the university's founding emphasis on language education and communication when it began in 1969 as the Institute of Modern Languages, and continues to be presented as guiding the teaching approach across the university's now much broader range of faculties following its upgrade to full university status in May 2000.",en.wikipedia.org/wiki/National_University_of_Modern_Languages,Minahil,verified
cmp-121,campus,"NUML's main campus is located in Sector H-9, Islamabad, Pakistan, and serves as the university's primary campus, housing the central administration, all four core faculties, and the complementary Faculty of Arts and Humanities. Besides this main campus, NUML also operates regional campuses in cities including Lahore, Faisalabad, Karachi, Multan, Quetta, Peshawar, Hyderabad, Gwadar, Rawalpindi, and Mirpur AJK, so students should confirm which campus their specific program is offered at before applying, since program availability and specific admission requirements can vary between the main campus and any given regional location. Degrees earned at any of these regional campuses carry the same academic validity and recognition as one earned at the Islamabad main campus, since transcripts and certificates are issued centrally.",numl.edu.pk (contact/address listings),Minahil,verified
cmp-122,campus,"Besides the main Islamabad campus, NUML operates regional campuses in Lahore, Faisalabad, Karachi, Multan, Quetta, Peshawar, Hyderabad, Gwadar, Rawalpindi, and Mirpur AJK. Program availability and admission requirements can vary between campuses, so students considering a regional campus should confirm details directly with that specific campus rather than assuming they match the Islamabad main campus exactly, even though the underlying curriculum, credit hour requirements, and examination standards are centralized across every location. This network of regional campuses allows NUML to admit outstation students who may prefer to study closer to home in cities like Multan or Peshawar rather than relocating to Islamabad, while still receiving a degree with identical recognition to one earned at the main campus.","en.wikipedia.org/wiki/National_University_of_Modern_Languages, numl.edu.pk",Minahil,verified
cmp-123,campus,"The central library at NUML Islamabad is called the Sir Syed Library, and it serves as the main academic resource hub for students across all faculties on the main campus, including the Faculty of Engineering and Computer Sciences, the Faculty of Languages, the Faculty of Management Studies, the Faculty of Social Sciences, and the Faculty of Arts and Humanities. It is one of several student facilities located within the H-9 campus, alongside the cafeterias, auditorium, and hostel blocks, and functions as a shared university-wide resource rather than being split into separate faculty-specific libraries. Students researching for coursework, thesis work, or general reading across any degree program at NUML would typically use this single central library rather than a departmental collection.",numl.edu.pk/hostels (facilities listing),Minahil,verified
cmp-124,campus,"NUML's Islamabad campus has two cafeterias that provide healthy and affordable food choices for students, including vegetarian options, giving students a convenient place to eat between classes without leaving the H-9 campus grounds. These are located on the main campus alongside other student facilities such as the Sir Syed Library, the auditorium, and the sports grounds, forming part of the broader set of daily-use amenities available to students regardless of which faculty they belong to. Because these cafeterias serve the entire student body rather than being restricted to a specific faculty or hostel, students from any of NUML's faculties, including those living in the on-campus hostels, can use either cafeteria during operating hours.",numl.edu.pk/facilities,Minahil,verified
cmp-125,campus,"NUML has a large auditorium used for events such as Convocation, conferences, and open house job fairs. It is one of the main venues on the Islamabad campus for university-wide gatherings, and is also used for guest lectures and seminars hosted by different faculties throughout the academic year, making it a shared resource rather than a facility tied to any single department. The auditorium is also used alongside NUML's video conference facility for larger events that need to relay sessions to participants who cannot attend in person, meaning the two facilities together support both fully in-person gatherings and hybrid events that combine physical attendance with remote participation.",numl.edu.pk/facilities,Minahil,verified
cmp-126,campus,"NUML's Islamabad campus has a community mosque located in the heart of the campus, open 24 hours a day for daily prayers. It is accessible to all students and staff regardless of faculty or hostel, and is one of the core facilities on the main H-9 campus alongside the library and cafeterias, reflecting its role as a shared amenity rather than one restricted to a specific group of students or a particular time of day. Because it remains open around the clock rather than only during standard operating hours like the library or cafeterias, students, including hostel residents observing prayer times outside regular daytime class hours, are able to access it at any point during the day or night.",numl.edu.pk/facilities,Minahil,verified
cmp-127,campus,"NUML has separate, fully furnished hostel facilities for boys and girls, designed with safety and comfort in mind, and maintained with round-the-clock security consistent with the strict gate timing and curfew rules enforced across all campus hostels. Each hostel is self-contained with its own reading room, indoor games room, lounge, and dining hall, so residents don't need to leave the building for most daily needs, similar to how the standard hostel rooms themselves come furnished with a bed, study table, chair, and wardrobe as baseline furnishings. A separate hostel also exists for faculty members, distinct from the student boys' and girls' hostels, reflecting NUML's broader hostel infrastructure across the H-9 campus.",numl.edu.pk/main/campus/facility/Hostels,Minahil,verified
cmp-128,campus,"Each hostel at NUML, separate for boys, girls, and faculty, is self-contained with amenities including a reading room, an indoor games room, a lounge, and a dining hall with mess facilities, the same mess system that all resident students are required to join as part of their hostel residence agreement. On top of these shared spaces, the Girls' Hostel also has a table tennis and outdoor badminton court, while the Boys' Hostel includes basketball and badminton courts, giving residents recreational options without needing to travel to the university's main gymnasium or outdoor sports grounds elsewhere on campus. These hostel-specific sports facilities supplement rather than replace the broader athletic amenities available to the wider student body.",numl.edu.pk/main/campus/facility/Hostels,Minahil,verified
cmp-129,campus,"NUML has a modern gymnasium with basketball, handball, volleyball, and badminton courts, table tennis, and weight training equipment, along with outdoor grounds for cricket, football, hockey, and handball, plus two additional basketball courts. These facilities are open to students across all faculties, and some sports options are also available directly within the hostel blocks for residents, such as the table tennis and badminton courts in the Girls' Hostel and the basketball and badminton courts in the Boys' Hostel. Together, the main gymnasium, the outdoor grounds, and the hostel-specific courts give both resident and non-resident students a range of athletic options across the H-9 campus rather than concentrating sports facilities in a single building or area.",numl.edu.pk/main/campus/facility/Sports%20Facilities,Minahil,verified
cmp-130,campus,"The Girls' Hostel at NUML has a table tennis and an outdoor badminton court, while the Boys' Hostel has basketball and badminton courts. These are in addition to the university's main gymnasium, which includes basketball, handball, volleyball, and badminton courts, table tennis, and weight training equipment, along with outdoor grounds for cricket, football, and hockey, giving hostel residents sports options both within their own hostel and across the wider Islamabad campus. A resident who wants access to sports not available directly within their own hostel block, such as weight training equipment or cricket and football grounds, can use the main gymnasium and outdoor grounds instead, which remain open to the broader student body.",numl.edu.pk/main/campus/facility/Sports%20Facilities,Minahil,verified
cmp-131,campus,"NUML has a video conference facility that is frequently used to conduct or relay conferences, seminars, workshops, and other academic or non-academic events held on the Islamabad campus. It is typically used alongside the university's auditorium for larger gatherings such as Convocation or open house job fairs, allowing sessions to be relayed to participants unable to attend in person, whether they are located at one of NUML's regional campuses or simply unable to be physically present in Islamabad. This combination of the auditorium and video conferencing facility supports both fully in-person and hybrid formats for major university events, extending the reach of a single gathering beyond just the people seated in the auditorium itself.",numl.edu.pk/facilities,Minahil,verified
cmp-132,campus,"NUML operates a Psychological Counselling Center on campus for students. It is available to students across all faculties on the Islamabad campus, providing a space for students to talk through academic stress, personal difficulties, or other concerns affecting their wellbeing during their time at the university, functioning as a general student-support facility rather than one tied to a specific faculty or degree program. This center operates separately from the campus Medical Center, which handles physical first aid and minor ailments for hostel residents and other students, meaning a student seeking support for emotional or psychological concerns would approach the Counselling Center specifically rather than the Medical Center used for physical health issues.",numl.edu.pk/hostels (facilities listing),Minahil,verified
cmp-133,campus,"NUML has its own student-operated FM radio station, NUML Radio, used as a training platform for media and communication students, particularly those enrolled in programs under the Faculty of Social Sciences that cover media and communication studies. It gives students hands-on broadcasting experience alongside their regular coursework, and is one of several practical, extracurricular facilities available on the Islamabad campus outside the classroom, similar in spirit to how the video conference facility and auditorium support experiential, event-based learning beyond standard lectures. Students interested in gaining broadcasting experience through this platform would typically do so in connection with their media and communication studies coursework rather than as a fully separate extracurricular club open to any student regardless of major.","medium.com (NUML overview article), cross-checked with numl.edu.pk",Minahil,verified
cmp-134,campus,"NUML was established as the Institute of Modern Languages in 1969. Its status was upgraded from an institute to a federally chartered university in May 2000, and it has since grown into a multi-faculty institution covering languages, engineering and computer sciences, management studies, social sciences, and arts and humanities, organized today into four core faculties plus the complementary Faculty of Arts and Humanities. This growth reflects a significant expansion from the university's original focus purely on language instruction, which is still honored in its official motto, ""We teach how to think, not what to think,"" a philosophy the university states is intended to carry across every one of its now much broader range of faculties and degree programs.",en.wikipedia.org/wiki/National_University_of_Modern_Languages,Minahil,verified
cmp-135,campus,"Hostel accommodation at NUML's Main Campus Islamabad is limited, so students planning to apply should do so as early as possible, consistent with the broader hostel policy in which seats are issued based on priority criteria such as distance from home and, for continuing students, academic standing. Application forms are collected from the office of the Director of Students Affairs, but only after a student has submitted their semester or course fee, since fee submission is a prerequisite for the hostel application process, reflecting the general principle across NUML's administrative processes that academic admission and fee payment must be confirmed before a related service, such as hostel accommodation or a bus pass, can be requested.",numl.edu.pk/admission,Minahil,verified
